﻿Designator,Footprint,Quantity,Value,LCSC Part #
"C1, C10, C11, C2, C3, C4, C8, C9",1206,8,10 uF,
"C12, C13, C6, C7",2220,4,2.2 uF,
C14,0603,1,1 uF,
"C15, C18, C19",0603,3,F,
C16,0603,1,180nF,
C17,0805,1,33 uF,
C5,226TTA350M,1,22UF,
D1,D_SMA,1,US1M-13-F,
JP1,SolderJumper-2_P1.3mm_Bridged_Pad1.0x1.5mm,1,SPREAD_SPEC_EN,
L1,L_Bourns_SRR1210A,1,680 uH,
Q1,SOT-23,1,MMBT3904,
"R1, R2, R3",0603,3,332K,
R10,0603,1,10K,
R11,1206,1,90mR,
R12,0603,1,49.2K,
"R13, R5",0603,2,R,
"R4, R6",0603,2,3.3K,
R7,0603,1,100K,
R8,0603,1,4.7K,
R9,0603,1,15.8K,
U1,lm5156h,1,LM5156HPWPR,
U2,STN3N40K3,1,STN3N40K3,
