﻿Designator,Footprint,Quantity,Value,LCSC Part #
"C1, C11, C12, C3, C5",0603,5,220 nF,C726565
C2,0805,1,0.47 uF,C596323
C4,1210,1,0.1 uF,
C7,0805,1,10 nF,C342860
"D1, D10, D7",D_SMA,3,US1M-13-F,C99333
"D2, D3, D9",STPSC20065GY-TR,3,STPSC20065GY-TR,C2965441
"D4, D5, D6, D8",D_SOD-323,4,D_Zener,C82043
J1,S4B-XH-SM4-TB,1,S4B-XH-SM4-TB,C161861
J2,MOLEX_430450822,1,430450822,
J3,2601-1102,1,2601-1102,
"L1, L2, L3",0402,3,BBUP00100505330Y00,C668299
Q1,SUM110P08-11L-E3,1,SUM110P08-11L-E3,C2838509
Q2,DMP45H4D9HK3-13,1,DMP45H4D9HK3-13,
Q3,TO-263-2,1,SIHB068N60EF-GE3,C3009875
"R1, R10, R18, R19, R2, R22, R23, R26",0603,8,10K,C20161635
"R11, R14",2512,2,1K,C7038808
"R12, R13",2512,2,12K,C2082818
"R15, R16, R17",0805,3,332K,
"R20, R25, R5",2512,3,10R,
"R21, R6",0603,2,255K,C295887
"R24, R27, R28",0603,3,2.2K,C114662
"R3, R4",0603,2,1K,C22548
"R7, R8, R9",0603,3,100R,C20161635
U1,HIGH-CURRENT_PHASE_MODULE_FOOTPRINT_V1.0,1,HIGH-CURRENT_PHASE_MODULE_V1.0,
U2,HIGH-VOLTAGE_PHASE_MODULE_FOOTPRINT_V1.0,1,HIGH-VOLTAGE_PHASE_MODULE,
U3,POWER_MANAGEMENT_MODULE_FOOTPRINT_V1.0,1,POWER_MANAGEMENT_MODULE,
"U4, U5, U6",UCC23313BDWYR,3,UCC23313BDWYR,C2868027
U7,TMCS1133C3AQDVGR,1,TMCS1133C3AQDVGR,
U8,SC0915,1,SC0915,C7203002
