﻿Designator,Footprint,Quantity,Value,LCSC Part #
"C1, C10, C11, C2, C3, C4, C8, C9",1206,8,10 uF,C96600
"C12, C13, C6, C7",2220,4,2.2 uF,NULL
C14,0603,1,1 uF,C106215
"C15, C18, C19",0603,3,F,NULL
C16,0603,1,180nF,NULL
C17,0805,1,33 uF,NULL
C5,226TTA350M,1,22UF,NULL
D1,D_SMA,1,US1M-13-F,C99333
JP1,SolderJumper-2_P1.3mm_Bridged_Pad1.0x1.5mm,1,SPREAD_SPEC_EN,NULL
L1,L_Bourns_SRR1210A,1,680 uH,NULL
Q1,SOT-23,1,MMBT3904,C426835
"R1, R2, R3",0603,3,332K,C861330
R10,0603,1,10K,NULL
R11,1206,1,90mR,C375525
R12,0603,1,49.2K,C723489
"R13, R5",0603,2,R,NULL
"R4, R6",0603,2,3.3K,NULL
R7,0603,1,100K,C728638
R8,0603,1,4.7K,C513565
R9,0603,1,15.8K,C861143
U1,lm5156h,1,LM5156HPWPR,C2867852
U2,STN3N40K3,1,STN3N40K3,C128261
